1083,S,She packed twelve blue pens in her small bag
1666,SH,She packed twelve blue pens in her small bag
2282,SHE,She packed twelve blue pens in her small bag
3698,SHE S,She packed twelve blue pens in her small bag
8333,Sh,She packed twelve blue pens in her small bag
9117,She,She packed twelve blue pens in her small bag
12816,She p,She packed twelve blue pens in her small bag
13666,She pq,She packed twelve blue pens in her small bag
14617,She pqx,She packed twelve blue pens in her small bag
17484,She pa,She packed twelve blue pens in her small bag
18366,She pac,She packed twelve blue pens in her small bag
19099,She pack,She packed twelve blue pens in her small bag
20016,She packw,She packed twelve blue pens in her small bag
24333,She packe,She packed twelve blue pens in her small bag
25017,She packed,She packed twelve blue pens in her small bag
26969,She packed t,She packed twelve blue pens in her small bag
27553,She packed tw,She packed twelve blue pens in her small bag
28054,She packed twe,She packed twelve blue pens in her small bag
29036,She packed twel,She packed twelve blue pens in her small bag
29986,She packed twele,She packed twelve blue pens in her small bag
30586,She packed twelev,She packed twelve blue pens in her small bag
31120,She packed tweleve,She packed twelve blue pens in her small bag
33371,She packed tweleve b,She packed twelve blue pens in her small bag
33887,She packed tweleve bl,She packed twelve blue pens in her small bag
34370,She packed tweleve blu,She packed twelve blue pens in her small bag
34935,She packed tweleve blue,She packed twelve blue pens in her small bag
36069,She packed tweleve blue p,She packed twelve blue pens in her small bag
36619,She packed tweleve blue pr,She packed twelve blue pens in her small bag
39820,She packed tweleve blue prl,She packed twelve blue pens in her small bag
41986,She packed tweleve blue pe,She packed twelve blue pens in her small bag
45504,She packed tweleve blue pen,She packed twelve blue pens in her small bag
46887,She packed tweleve blue pens,She packed twelve blue pens in her small bag
49387,She packed tweleve blue pens i,She packed twelve blue pens in her small bag
50320,She packed tweleve blue pens in,She packed twelve blue pens in her small bag
51503,She packed tweleve blue pens in h,She packed twelve blue pens in her small bag
52503,She packed tweleve blue pens in he,She packed twelve blue pens in her small bag
53020,She packed tweleve blue pens in her,She packed twelve blue pens in her small bag
54104,She packed tweleve blue pens in her s,She packed twelve blue pens in her small bag
54769,She packed tweleve blue pens in her sm,She packed twelve blue pens in her small bag
55386,She packed tweleve blue pens in her sma,She packed twelve blue pens in her small bag
56154,She packed tweleve blue pens in her smal,She packed twelve blue pens in her small bag
56637,She packed tweleve blue pens in her small,She packed twelve blue pens in her small bag
57804,She packed tweleve blue pens in her small b,She packed twelve blue pens in her small bag
58321,She packed tweleve blue pens in her small ba,She packed twelve blue pens in her small bag
58770,She packed tweleve blue pens in her small bah,She packed twelve blue pens in her small bag
61537,She packed tweleve blue pens in her small bag,She packed twelve blue pens in her small bag
63353,She packed tweleve blue pens in her small bag ,She packed twelve blue pens in her small bag
750,S,Every bird sang sweet songs in the quiet dawn
3633,E,Every bird sang sweet songs in the quiet dawn
5800,Ev,Every bird sang sweet songs in the quiet dawn
6416,Evw,Every bird sang sweet songs in the quiet dawn
10467,Eve,Every bird sang sweet songs in the quiet dawn
10867,Ever,Every bird sang sweet songs in the quiet dawn
11568,Every,Every bird sang sweet songs in the quiet dawn
13234,Every b,Every bird sang sweet songs in the quiet dawn
14017,Every bt,Every bird sang sweet songs in the quiet dawn
16784,Every br,Every bird sang sweet songs in the quiet dawn
17668,Every bri,Every bird sang sweet songs in the quiet dawn
20218,Every bo,Every bird sang sweet songs in the quiet dawn
22201,Every bi,Every bird sang sweet songs in the quiet dawn
22801,Every bit,Every bird sang sweet songs in the quiet dawn
25100,Every bitm,Every bird sang sweet songs in the quiet dawn
27017,Every bir,Every bird sang sweet songs in the quiet dawn
27417,Every bird,Every bird sang sweet songs in the quiet dawn
27800,Every birds,Every bird sang sweet songs in the quiet dawn
29184,Every birds s,Every bird sang sweet songs in the quiet dawn
30250,Every birds sa,Every bird sang sweet songs in the quiet dawn
30884,Every birds san,Every bird sang sweet songs in the quiet dawn
31534,Every birds sang,Every bird sang sweet songs in the quiet dawn
32784,Every birds sang s,Every bird sang sweet songs in the quiet dawn
33217,Every birds sang sw,Every bird sang sweet songs in the quiet dawn
33522,Every birds sang swe,Every bird sang sweet songs in the quiet dawn
33655,Every birds sang swee,Every bird sang sweet songs in the quiet dawn
34455,Every birds sang sweet,Every bird sang sweet songs in the quiet dawn
35622,Every birds sang sweet s,Every bird sang sweet songs in the quiet dawn
36205,Every birds sang sweet so,Every bird sang sweet songs in the quiet dawn
36788,Every birds sang sweet son,Every bird sang sweet songs in the quiet dawn
37155,Every birds sang sweet sonh,Every bird sang sweet songs in the quiet dawn
37788,Every birds sang sweet sonhd,Every bird sang sweet songs in the quiet dawn
40322,Every birds sang sweet song,Every bird sang sweet songs in the quiet dawn
40872,Every birds sang sweet songs,Every bird sang sweet songs in the quiet dawn
42669,Every birds sang sweet songs i,Every bird sang sweet songs in the quiet dawn
43305,Every birds sang sweet songs in,Every bird sang sweet songs in the quiet dawn
44489,Every birds sang sweet songs in t,Every bird sang sweet songs in the quiet dawn
45172,Every birds sang sweet songs in th,Every bird sang sweet songs in the quiet dawn
45805,Every birds sang sweet songs in the,Every bird sang sweet songs in the quiet dawn
47655,Every birds sang sweet songs in the q,Every bird sang sweet songs in the quiet dawn
48456,Every birds sang sweet songs in the qi,Every bird sang sweet songs in the quiet dawn
50205,Every birds sang sweet songs in the qu,Every bird sang sweet songs in the quiet dawn
50571,Every birds sang sweet songs in the qui,Every bird sang sweet songs in the quiet dawn
51222,Every birds sang sweet songs in the quie,Every bird sang sweet songs in the quiet dawn
52155,Every birds sang sweet songs in the quiet,Every bird sang sweet songs in the quiet dawn
53438,Every birds sang sweet songs in the quiet d,Every bird sang sweet songs in the quiet dawn
53921,Every birds sang sweet songs in the quiet ds,Every bird sang sweet songs in the quiet dawn
55689,Every birds sang sweet songs in the quiet da,Every bird sang sweet songs in the quiet dawn
56122,Every birds sang sweet songs in the quiet daw,Every bird sang sweet songs in the quiet dawn
56906,Every birds sang sweet songs in the quiet dawn,Every bird sang sweet songs in the quiet dawn
57672,Every birds sang sweet songs in the quiet dawn,Every bird sang sweet songs in the quiet dawn
57672,t,They watched clouds drift across the golden sky
1050,th,They watched clouds drift across the golden sky
2017,the,They watched clouds drift across the golden sky
2633,they,They watched clouds drift across the golden sky
6100,they w,They watched clouds drift across the golden sky
6917,they wa,They watched clouds drift across the golden sky
7717,they wat,They watched clouds drift across the golden sky
8400,they watc,They watched clouds drift across the golden sky
9001,they watch,They watched clouds drift across the golden sky
9517,they watche,They watched clouds drift across the golden sky
10018,they watched,They watched clouds drift across the golden sky
11167,they watched c,They watched clouds drift across the golden sky
11900,they watched cl,They watched clouds drift across the golden sky
12417,they watched clo,They watched clouds drift across the golden sky
13168,they watched clou,They watched clouds drift across the golden sky
13834,they watched cloud,They watched clouds drift across the golden sky
14284,they watched clouds,They watched clouds drift across the golden sky
15601,they watched clouds d,They watched clouds drift across the golden sky
15982,they watched clouds dr,They watched clouds drift across the golden sky
16651,they watched clouds dri,They watched clouds drift across the golden sky
17268,they watched clouds drif,They watched clouds drift across the golden sky
17750,they watched clouds drift,They watched clouds drift across the golden sky
19150,they watched clouds drift a,They watched clouds drift across the golden sky
19633,they watched clouds drift ac,They watched clouds drift across the golden sky
20267,they watched clouds drift acr,They watched clouds drift across the golden sky
21067,they watched clouds drift acro,They watched clouds drift across the golden sky
22167,they watched clouds drift acros,They watched clouds drift across the golden sky
22318,they watched clouds drift across,They watched clouds drift across the golden sky
23717,they watched clouds drift across t,They watched clouds drift across the golden sky
24184,they watched clouds drift across th,They watched clouds drift across the golden sky
24751,they watched clouds drift across the,They watched clouds drift across the golden sky
26702,they watched clouds drift across the g,They watched clouds drift across the golden sky
27300,they watched clouds drift across the go,They watched clouds drift across the golden sky
27832,they watched clouds drift across the gol,They watched clouds drift across the golden sky
28700,they watched clouds drift across the gold,They watched clouds drift across the golden sky
29301,they watched clouds drift across the golde,They watched clouds drift across the golden sky
29984,they watched clouds drift across the golden,They watched clouds drift across the golden sky
31484,they watched clouds drift across the golden s,They watched clouds drift across the golden sky
32184,they watched clouds drift across the golden sk,They watched clouds drift across the golden sky
32983,they watched clouds drift across the golden sky,They watched clouds drift across the golden sky
34066,they watched clouds drift across the golden sky,They watched clouds drift across the golden sky
34066,l,A clever mouse slipped past the sleepy cat
200,ll,A clever mouse slipped past the sleepy cat
7816,a,A clever mouse slipped past the sleepy cat
9716,a c,A clever mouse slipped past the sleepy cat
10733,a cl,A clever mouse slipped past the sleepy cat
13117,a cle,A clever mouse slipped past the sleepy cat
14217,a clev,A clever mouse slipped past the sleepy cat
15234,a cleve,A clever mouse slipped past the sleepy cat
15749,a clever,A clever mouse slipped past the sleepy cat
17916,a clever m,A clever mouse slipped past the sleepy cat
19016,a clever mo,A clever mouse slipped past the sleepy cat
19717,a clever mou,A clever mouse slipped past the sleepy cat
21217,a clever mous,A clever mouse slipped past the sleepy cat
22183,a clever mouse,A clever mouse slipped past the sleepy cat
25133,a clever mouse s,A clever mouse slipped past the sleepy cat
25818,a clever mouse sl,A clever mouse slipped past the sleepy cat
27483,a clever mouse sli,A clever mouse slipped past the sleepy cat
28117,a clever mouse slip,A clever mouse slipped past the sleepy cat
28301,a clever mouse slipp,A clever mouse slipped past the sleepy cat
29033,a clever mouse slippe,A clever mouse slipped past the sleepy cat
29917,a clever mouse slipped,A clever mouse slipped past the sleepy cat
34734,a clever mouse slipped p,A clever mouse slipped past the sleepy cat
35534,a clever mouse slipped pa,A clever mouse slipped past the sleepy cat
37434,a clever mouse slipped pas,A clever mouse slipped past the sleepy cat
38883,a clever mouse slipped past,A clever mouse slipped past the sleepy cat
40934,a clever mouse slipped past t,A clever mouse slipped past the sleepy cat
42318,a clever mouse slipped past th,A clever mouse slipped past the sleepy cat
44084,a clever mouse slipped past the,A clever mouse slipped past the sleepy cat
47535,a clever mouse slipped past the s,A clever mouse slipped past the sleepy cat
48634,a clever mouse slipped past the sl,A clever mouse slipped past the sleepy cat
49834,a clever mouse slipped past the sle,A clever mouse slipped past the sleepy cat
50017,a clever mouse slipped past the slee,A clever mouse slipped past the sleepy cat
52217,a clever mouse slipped past the sleep,A clever mouse slipped past the sleepy cat
52917,a clever mouse slipped past the sleepy,A clever mouse slipped past the sleepy cat
54534,a clever mouse slipped past the sleepy c,A clever mouse slipped past the sleepy cat
55335,a clever mouse slipped past the sleepy ca,A clever mouse slipped past the sleepy cat
56401,a clever mouse slipped past the sleepy cat,A clever mouse slipped past the sleepy cat
58318,a clever mouse slipped past the sleepy cat,A clever mouse slipped past the sleepy cat
