0,s,She packed twelve blue pens in her small bag
1300,su,She packed twelve blue pens in her small bag
2101,sue,She packed twelve blue pens in her small bag
4450,sue p,She packed twelve blue pens in her small bag
5867,sue pa,She packed twelve blue pens in her small bag
6934,sue pac,She packed twelve blue pens in her small bag
8235,sue pack,She packed twelve blue pens in her small bag
9184,sue packe,She packed twelve blue pens in her small bag
10518,sue packed,She packed twelve blue pens in her small bag
16252,sh,She packed twelve blue pens in her small bag
17501,she,She packed twelve blue pens in her small bag
20051,she p,She packed twelve blue pens in her small bag
21219,she pa,She packed twelve blue pens in her small bag
22184,she pac,She packed twelve blue pens in her small bag
23118,she pack,She packed twelve blue pens in her small bag
24067,she packe,She packed twelve blue pens in her small bag
24835,she packed,She packed twelve blue pens in her small bag
26500,she packed t,She packed twelve blue pens in her small bag
27501,she packed tw,She packed twelve blue pens in her small bag
28234,she packed twe,She packed twelve blue pens in her small bag
30718,she packed twel,She packed twelve blue pens in her small bag
32851,she packed twelv,She packed twelve blue pens in her small bag
33768,she packed twelve,She packed twelve blue pens in her small bag
36034,she packed twelve b,She packed twelve blue pens in her small bag
36835,she packed twelve bl,She packed twelve blue pens in her small bag
37734,she packed twelve blu,She packed twelve blue pens in her small bag
38468,she packed twelve blue,She packed twelve blue pens in her small bag
40518,she packed twelve blue p,She packed twelve blue pens in her small bag
41285,she packed twelve blue pe,She packed twelve blue pens in her small bag
42568,she packed twelve blue pen,She packed twelve blue pens in her small bag
43518,she packed twelve blue pens,She packed twelve blue pens in her small bag
45536,she packed twelve blue pens i,She packed twelve blue pens in her small bag
47036,she packed twelve blue pens in,She packed twelve blue pens in her small bag
49153,she packed twelve blue pens in h,She packed twelve blue pens in her small bag
50236,she packed twelve blue pens in he,She packed twelve blue pens in her small bag
51069,she packed twelve blue pens in her,She packed twelve blue pens in her small bag
53419,she packed twelve blue pens in her s,She packed twelve blue pens in her small bag
54669,she packed twelve blue pens in her sm,She packed twelve blue pens in her small bag
55736,she packed twelve blue pens in her sma,She packed twelve blue pens in her small bag
57051,she packed twelve blue pens in her smal,She packed twelve blue pens in her small bag
57252,she packed twelve blue pens in her small,She packed twelve blue pens in her small bag
58736,she packed twelve blue pens in her small b,She packed twelve blue pens in her small bag
60018,she packed twelve blue pens in her small ba,She packed twelve blue pens in her small bag
61003,she packed twelve blue pens in her small bag,She packed twelve blue pens in her small bag
62035,she packed twelve blue pens in her small bag,She packed twelve blue pens in her small bag
62035,e,Every bird sang sweet songs in the quiet dawn
785,ev,Every bird sang sweet songs in the quiet dawn
1534,eve,Every bird sang sweet songs in the quiet dawn
2284,ever,Every bird sang sweet songs in the quiet dawn
3252,every,Every bird sang sweet songs in the quiet dawn
7084,every b,Every bird sang sweet songs in the quiet dawn
8051,every bi,Every bird sang sweet songs in the quiet dawn
8751,every bir,Every bird sang sweet songs in the quiet dawn
9516,every bird,Every bird sang sweet songs in the quiet dawn
11301,every bird s,Every bird sang sweet songs in the quiet dawn
11868,every bird sa,Every bird sang sweet songs in the quiet dawn
12851,every bird san,Every bird sang sweet songs in the quiet dawn
13617,every bird sang,Every bird sang sweet songs in the quiet dawn
15735,every bird sang s,Every bird sang sweet songs in the quiet dawn
16435,every bird sang sw,Every bird sang sweet songs in the quiet dawn
17051,every bird sang swe,Every bird sang sweet songs in the quiet dawn
17168,every bird sang swee,Every bird sang sweet songs in the quiet dawn
18402,every bird sang sweey,Every bird sang sweet songs in the quiet dawn
23202,every bird sang sweet,Every bird sang sweet songs in the quiet dawn
25185,every bird sang sweet s,Every bird sang sweet songs in the quiet dawn
26869,every bird sang sweet so,Every bird sang sweet songs in the quiet dawn
27902,every bird sang sweet son,Every bird sang sweet songs in the quiet dawn
28602,every bird sang sweet song,Every bird sang sweet songs in the quiet dawn
29602,every bird sang sweet songs,Every bird sang sweet songs in the quiet dawn
31385,every bird sang sweet songs i,Every bird sang sweet songs in the quiet dawn
32552,every bird sang sweet songs in,Every bird sang sweet songs in the quiet dawn
34501,every bird sang sweet songs in t,Every bird sang sweet songs in the quiet dawn
35136,every bird sang sweet songs in th,Every bird sang sweet songs in the quiet dawn
36835,every bird sang sweet songs in the,Every bird sang sweet songs in the quiet dawn
39668,every bird sang sweet songs in the q,Every bird sang sweet songs in the quiet dawn
40635,every bird sang sweet songs in the qu,Every bird sang sweet songs in the quiet dawn
41185,every bird sang sweet songs in the qui,Every bird sang sweet songs in the quiet dawn
42202,every bird sang sweet songs in the quie,Every bird sang sweet songs in the quiet dawn
43085,every bird sang sweet songs in the quiet,Every bird sang sweet songs in the quiet dawn
46419,every bird sang sweet songs in the quiet d,Every bird sang sweet songs in the quiet dawn
47185,every bird sang sweet songs in the quiet da,Every bird sang sweet songs in the quiet dawn
48269,every bird sang sweet songs in the quiet daw,Every bird sang sweet songs in the quiet dawn
50703,every bird sang sweet songs in the quiet dawn,Every bird sang sweet songs in the quiet dawn
51868,every bird sang sweet songs in the quiet dawn,Every bird sang sweet songs in the quiet dawn
51868,t,They watched clouds drift across the golden sky
1649,th,They watched clouds drift across the golden sky
2616,the,They watched clouds drift across the golden sky
3665,they,They watched clouds drift across the golden sky
5632,they w,They watched clouds drift across the golden sky
6966,they wa,They watched clouds drift across the golden sky
8016,they wat,They watched clouds drift across the golden sky
8799,they watc,They watched clouds drift across the golden sky
9632,they watch,They watched clouds drift across the golden sky
10432,they watche,They watched clouds drift across the golden sky
11266,they watched,They watched clouds drift across the golden sky
13149,they watched c,They watched clouds drift across the golden sky
14049,they watched cl,They watched clouds drift across the golden sky
14685,they watched clo,They watched clouds drift across the golden sky
15450,they watched clou,They watched clouds drift across the golden sky
16433,they watched cloud,They watched clouds drift across the golden sky
17100,they watched clouds,They watched clouds drift across the golden sky
19783,they watched clouds d,They watched clouds drift across the golden sky
20466,they watched clouds dr,They watched clouds drift across the golden sky
21549,they watched clouds dri,They watched clouds drift across the golden sky
22748,they watched clouds drif,They watched clouds drift across the golden sky
23334,they watched clouds drift,They watched clouds drift across the golden sky
25200,they watched clouds drift a,They watched clouds drift across the golden sky
26016,they watched clouds drift ac,They watched clouds drift across the golden sky
26750,they watched clouds drift acr,They watched clouds drift across the golden sky
27483,they watched clouds drift acro,They watched clouds drift across the golden sky
28583,they watched clouds drift acros,They watched clouds drift across the golden sky
28684,they watched clouds drift across,They watched clouds drift across the golden sky
32051,they watched clouds drift across t,They watched clouds drift across the golden sky
32884,they watched clouds drift across th,They watched clouds drift across the golden sky
33883,they watched clouds drift across the,They watched clouds drift across the golden sky
37083,they watched clouds drift across the g,They watched clouds drift across the golden sky
37834,they watched clouds drift across the go,They watched clouds drift across the golden sky
38883,they watched clouds drift across the gol,They watched clouds drift across the golden sky
40300,they watched clouds drift across the gold,They watched clouds drift across the golden sky
41350,they watched clouds drift across the golde,They watched clouds drift across the golden sky
43099,they watched clouds drift across the golden,They watched clouds drift across the golden sky
44634,they watched clouds drift across the golden s,They watched clouds drift across the golden sky
45667,they watched clouds drift across the golden sk,They watched clouds drift across the golden sky
46316,they watched clouds drift across the golden sky,They watched clouds drift across the golden sky
48017,they watched clouds drift across the golden sky,They watched clouds drift across the golden sky
48017,a,A clever mouse slipped past the sleepy cat
1482,a c,A clever mouse slipped past the sleepy cat
2682,a cl,A clever mouse slipped past the sleepy cat
3966,a cle,A clever mouse slipped past the sleepy cat
5432,a clev,A clever mouse slipped past the sleepy cat
6582,a cleve,A clever mouse slipped past the sleepy cat
7399,a clever,A clever mouse slipped past the sleepy cat
9583,a clever m,A clever mouse slipped past the sleepy cat
10565,a clever mo,A clever mouse slipped past the sleepy cat
11765,a clever mou,A clever mouse slipped past the sleepy cat
14382,a clever mous,A clever mouse slipped past the sleepy cat
15083,a clever mousw,A clever mouse slipped past the sleepy cat
17700,a clever mouse,A clever mouse slipped past the sleepy cat
19333,a clever mouse s,A clever mouse slipped past the sleepy cat
20349,a clever mouse sl,A clever mouse slipped past the sleepy cat
21499,a clever mouse sli,A clever mouse slipped past the sleepy cat
22182,a clever mouse slip,A clever mouse slipped past the sleepy cat
22367,a clever mouse slipp,A clever mouse slipped past the sleepy cat
23700,a clever mouse slippe,A clever mouse slipped past the sleepy cat
25749,a clever mouse slipped,A clever mouse slipped past the sleepy cat
28466,a clever mouse slipped p,A clever mouse slipped past the sleepy cat
29516,a clever mouse slipped pa,A clever mouse slipped past the sleepy cat
30217,a clever mouse slipped pas,A clever mouse slipped past the sleepy cat
30950,a clever mouse slipped past,A clever mouse slipped past the sleepy cat
33366,a clever mouse slipped past t,A clever mouse slipped past the sleepy cat
34834,a clever mouse slipped past th,A clever mouse slipped past the sleepy cat
35950,a clever mouse slipped past the,A clever mouse slipped past the sleepy cat
38166,a clever mouse slipped past the s,A clever mouse slipped past the sleepy cat
39281,a clever mouse slipped past the sl,A clever mouse slipped past the sleepy cat
40249,a clever mouse slipped past the sle,A clever mouse slipped past the sleepy cat
40583,a clever mouse slipped past the slee,A clever mouse slipped past the sleepy cat
42348,a clever mouse slipped past the sleep,A clever mouse slipped past the sleepy cat
43133,a clever mouse slipped past the sleepy,A clever mouse slipped past the sleepy cat
45100,a clever mouse slipped past the sleepy c,A clever mouse slipped past the sleepy cat
45867,a clever mouse slipped past the sleepy ca,A clever mouse slipped past the sleepy cat
46667,a clever mouse slipped past the sleepy cat,A clever mouse slipped past the sleepy cat
47484,a clever mouse slipped past the sleepy cat,A clever mouse slipped past the sleepy cat
47484,g,Green leaves danced gently in the warm breeze
1016,gr,Green leaves danced gently in the warm breeze
1666,gre,Green leaves danced gently in the warm breeze
1816,gree,Green leaves danced gently in the warm breeze
2716,green,Green leaves danced gently in the warm breeze
4349,green l,Green leaves danced gently in the warm breeze
5617,green le,Green leaves danced gently in the warm breeze
6616,green lea,Green leaves danced gently in the warm breeze
7449,green leav,Green leaves danced gently in the warm breeze
8433,green leave,Green leaves danced gently in the warm breeze
9050,green leaves,Green leaves danced gently in the warm breeze
10532,green leaves d,Green leaves danced gently in the warm breeze
11466,green leaves da,Green leaves danced gently in the warm breeze
12283,green leaves dan,Green leaves danced gently in the warm breeze
13182,green leaves danc,Green leaves danced gently in the warm breeze
13816,green leaves dance,Green leaves danced gently in the warm breeze
14716,green leaves danced,Green leaves danced gently in the warm breeze
16117,green leaves danced g,Green leaves danced gently in the warm breeze
17133,green leaves danced ge,Green leaves danced gently in the warm breeze
18433,green leaves danced gen,Green leaves danced gently in the warm breeze
19367,green leaves danced gent,Green leaves danced gently in the warm breeze
20366,green leaves danced gentl,Green leaves danced gently in the warm breeze
21684,green leaves danced gently,Green leaves danced gently in the warm breeze
23483,green leaves danced gently i,Green leaves danced gently in the warm breeze
24500,green leaves danced gently in,Green leaves danced gently in the warm breeze
26017,green leaves danced gently in t,Green leaves danced gently in the warm breeze
27334,green leaves danced gently in th,Green leaves danced gently in the warm breeze
28450,green leaves danced gently in the,Green leaves danced gently in the warm breeze
31866,green leaves danced gently in thew,Green leaves danced gently in the warm breeze
35466,green leaves danced gently in the w,Green leaves danced gently in the warm breeze
36316,green leaves danced gently in the wa,Green leaves danced gently in the warm breeze
37434,green leaves danced gently in the war,Green leaves danced gently in the warm breeze
38250,green leaves danced gently in the warm,Green leaves danced gently in the warm breeze
40434,green leaves danced gently in the warm b,Green leaves danced gently in the warm breeze
41934,green leaves danced gently in the warm br,Green leaves danced gently in the warm breeze
42901,green leaves danced gently in the warm bre,Green leaves danced gently in the warm breeze
43017,green leaves danced gently in the warm bree,Green leaves danced gently in the warm breeze
44284,green leaves danced gently in the warm breez,Green leaves danced gently in the warm breeze
45084,green leaves danced gently in the warm breeze,Green leaves danced gently in the warm breeze
45934,green leaves danced gently in the warm breeze,Green leaves danced gently in the warm breeze
45934,h,He quickly wrote notes before the test began
916,hw,He quickly wrote notes before the test began
3350,he,He quickly wrote notes before the test began
5251,he q,He quickly wrote notes before the test began
6149,he qu,He quickly wrote notes before the test began
6783,he qui,He quickly wrote notes before the test began
7717,he quic,He quickly wrote notes before the test began
8617,he quick,He quickly wrote notes before the test began
9269,he quickl,He quickly wrote notes before the test began
10251,he quickly,He quickly wrote notes before the test began
12067,he quickly w,He quickly wrote notes before the test began
12850,he quickly wr,He quickly wrote notes before the test began
13868,he quickly wro,He quickly wrote notes before the test began
14651,he quickly wrot,He quickly wrote notes before the test began
15317,he quickly wrote,He quickly wrote notes before the test began
18217,he quickly wrote n,He quickly wrote notes before the test began
19251,he quickly wrote no,He quickly wrote notes before the test began
19917,he quickly wrote not,He quickly wrote notes before the test began
20583,he quickly wrote note,He quickly wrote notes before the test began
21585,he quickly wrote notes,He quickly wrote notes before the test began
23667,he quickly wrote notes b,He quickly wrote notes before the test began
24783,he quickly wrote notes be,He quickly wrote notes before the test began
26251,he quickly wrote notes bef,He quickly wrote notes before the test began
26984,he quickly wrote notes befo,He quickly wrote notes before the test began
27784,he quickly wrote notes befor,He quickly wrote notes before the test began
28368,he quickly wrote notes beforw,He quickly wrote notes before the test began
30901,he quickly wrote notes before,He quickly wrote notes before the test began
32633,he quickly wrote notes before t,He quickly wrote notes before the test began
33601,he quickly wrote notes before th,He quickly wrote notes before the test began
34485,he quickly wrote notes before the,He quickly wrote notes before the test began
36835,he quickly wrote notes before the t,He quickly wrote notes before the test began
37517,he quickly wrote notes before the te,He quickly wrote notes before the test began
38318,he quickly wrote notes before the tes,He quickly wrote notes before the test began
39268,he quickly wrote notes before the test,He quickly wrote notes before the test began
41068,he quickly wrote notes before the test b,He quickly wrote notes before the test began
42434,he quickly wrote notes before the test be,He quickly wrote notes before the test began
43467,he quickly wrote notes before the test beg,He quickly wrote notes before the test began
44520,he quickly wrote notes before the test bega,He quickly wrote notes before the test began
45618,he quickly wrote notes before the test began,He quickly wrote notes before the test began
46718,he quickly wrote notes before the test began,He quickly wrote notes before the test began
46718,t,The tall man wore boots made of soft leather
817,th,The tall man wore boots made of soft leather
2101,the,The tall man wore boots made of soft leather
4234,the t,The tall man wore boots made of soft leather
5050,the ta,The tall man wore boots made of soft leather
6050,the tal,The tall man wore boots made of soft leather
6216,the tall,The tall man wore boots made of soft leather
8434,the tall m,The tall man wore boots made of soft leather
9467,the tall ma,The tall man wore boots made of soft leather
11084,the tall man,The tall man wore boots made of soft leather
12932,the tall man w,The tall man wore boots made of soft leather
13700,the tall man wo,The tall man wore boots made of soft leather
14518,the tall man wor,The tall man wore boots made of soft leather
15568,the tall man wore,The tall man wore boots made of soft leather
18567,the tall man wore b,The tall man wore boots made of soft leather
19916,the tall man wore bo,The tall man wore boots made of soft leather
20150,the tall man wore boo,The tall man wore boots made of soft leather
21167,the tall man wore boot,The tall man wore boots made of soft leather
22117,the tall man wore boots,The tall man wore boots made of soft leather
24368,the tall man wore boots m,The tall man wore boots made of soft leather
25151,the tall man wore boots ma,The tall man wore boots made of soft leather
25983,the tall man wore boots mad,The tall man wore boots made of soft leather
26750,the tall man wore boots made,The tall man wore boots made of soft leather
28301,the tall man wore boots made o,The tall man wore boots made of soft leather
29100,the tall man wore boots made of,The tall man wore boots made of soft leather
31168,the tall man wore boots made of s,The tall man wore boots made of soft leather
31951,the tall man wore boots made of so,The tall man wore boots made of soft leather
33000,the tall man wore boots made of sof,The tall man wore boots made of soft leather
33718,the tall man wore boots made of sofr,The tall man wore boots made of soft leather
37401,the tall man wore boots made of soft,The tall man wore boots made of soft leather
39634,the tall man wore boots made of soft l,The tall man wore boots made of soft leather
40651,the tall man wore boots made of soft le,The tall man wore boots made of soft leather
41718,the tall man wore boots made of soft lea,The tall man wore boots made of soft leather
42467,the tall man wore boots made of soft leat,The tall man wore boots made of soft leather
43567,the tall man wore boots made of soft leath,The tall man wore boots made of soft leather
44351,the tall man wore boots made of soft leathe,The tall man wore boots made of soft leather
45102,the tall man wore boots made of soft leather,The tall man wore boots made of soft leather
46335,the tall man wore boots made of soft leather,The tall man wore boots made of soft leather
46335,o,Old clocks ticked loudly in the silent room
783,ol,Old clocks ticked loudly in the silent room
2217,old,Old clocks ticked loudly in the silent room
3683,old c,Old clocks ticked loudly in the silent room
4434,old cl,Old clocks ticked loudly in the silent room
5000,old clo,Old clocks ticked loudly in the silent room
6250,old cloc,Old clocks ticked loudly in the silent room
7017,old clock,Old clocks ticked loudly in the silent room
8350,old clocke,Old clocks ticked loudly in the silent room
11450,old clocks,Old clocks ticked loudly in the silent room
14784,old clocks t,Old clocks ticked loudly in the silent room
16117,old clocks ti,Old clocks ticked loudly in the silent room
17400,old clocks tic,Old clocks ticked loudly in the silent room
18317,old clocks tick,Old clocks ticked loudly in the silent room
19384,old clocks ticke,Old clocks ticked loudly in the silent room
20185,old clocks ticked,Old clocks ticked loudly in the silent room
21967,old clocks ticked l,Old clocks ticked loudly in the silent room
22601,old clocks ticked lo,Old clocks ticked loudly in the silent room
23401,old clocks ticked lou,Old clocks ticked loudly in the silent room
24351,old clocks ticked loud,Old clocks ticked loudly in the silent room
25133,old clocks ticked loudl,Old clocks ticked loudly in the silent room
26092,old clocks ticked loudly,Old clocks ticked loudly in the silent room
28076,old clocks ticked loudly i,Old clocks ticked loudly in the silent room
28726,old clocks ticked loudly in,Old clocks ticked loudly in the silent room
30476,old clocks ticked loudly in t,Old clocks ticked loudly in the silent room
31242,old clocks ticked loudly in th,Old clocks ticked loudly in the silent room
32976,old clocks ticked loudly in the,Old clocks ticked loudly in the silent room
38326,old clocks ticked loudly in the s,Old clocks ticked loudly in the silent room
39576,old clocks ticked loudly in the si,Old clocks ticked loudly in the silent room
41093,old clocks ticked loudly in the sil,Old clocks ticked loudly in the silent room
42793,old clocks ticked loudly in the sile,Old clocks ticked loudly in the silent room
43809,old clocks ticked loudly in the silen,Old clocks ticked loudly in the silent room
44842,old clocks ticked loudly in the silent,Old clocks ticked loudly in the silent room
46543,old clocks ticked loudly in the silent r,Old clocks ticked loudly in the silent room
47659,old clocks ticked loudly in the silent ro,Old clocks ticked loudly in the silent room
48326,old clocks ticked loudly in the silent rom,Old clocks ticked loudly in the silent room
48476,old clocks ticked loudly in the silent romm,Old clocks ticked loudly in the silent room
50978,old clocks ticked loudly in the silent roo,Old clocks ticked loudly in the silent room
51776,old clocks ticked loudly in the silent room,Old clocks ticked loudly in the silent room
52876,old clocks ticked loudly in the silent room,Old clocks ticked loudly in the silent room
52876,s,She smiled while sipping tea on the front porch
734,sh,She smiled while sipping tea on the front porch
1501,she,She smiled while sipping tea on the front porch
3800,she s,She smiled while sipping tea on the front porch
4900,she sm,She smiled while sipping tea on the front porch
5719,she smi,She smiled while sipping tea on the front porch
6951,she smil,She smiled while sipping tea on the front porch
8534,she smile,She smiled while sipping tea on the front porch
9283,she smiled,She smiled while sipping tea on the front porch
10934,she smiled w,She smiled while sipping tea on the front porch
12634,she smiled wh,She smiled while sipping tea on the front porch
14301,she smiled whi,She smiled while sipping tea on the front porch
15718,she smiled whil,She smiled while sipping tea on the front porch
17168,she smiled while,She smiled while sipping tea on the front porch
19001,she smiled while s,She smiled while sipping tea on the front porch
19918,she smiled while si,She smiled while sipping tea on the front porch
23084,she smiled while si,She smiled while sipping tea on the front porch
24551,she smiled while sip,She smiled while sipping tea on the front porch
24651,she smiled while sipp,She smiled while sipping tea on the front porch
25718,she smiled while sippi,She smiled while sipping tea on the front porch
26783,she smiled while sippin,She smiled while sipping tea on the front porch
27651,she smiled while sipping,She smiled while sipping tea on the front porch
30034,she smiled while sipping r,She smiled while sipping tea on the front porch
30117,she smiled while sipping rr,She smiled while sipping tea on the front porch
32717,she smiled while sipping t,She smiled while sipping tea on the front porch
33435,she smiled while sipping te,She smiled while sipping tea on the front porch
34267,she smiled while sipping tea,She smiled while sipping tea on the front porch
37101,she smiled while sipping tea o,She smiled while sipping tea on the front porch
37850,she smiled while sipping tea on,She smiled while sipping tea on the front porch
39568,she smiled while sipping tea on t,She smiled while sipping tea on the front porch
42667,she smiled while sipping tea on th,She smiled while sipping tea on the front porch
43751,she smiled while sipping tea on the,She smiled while sipping tea on the front porch
45434,she smiled while sipping tea on the f,She smiled while sipping tea on the front porch
46018,she smiled while sipping tea on the fr,She smiled while sipping tea on the front porch
46767,she smiled while sipping tea on the fro,She smiled while sipping tea on the front porch
48284,she smiled while sipping tea on the fron,She smiled while sipping tea on the front porch
49151,she smiled while sipping tea on the front,She smiled while sipping tea on the front porch
52001,she smiled while sipping tea on the front p,She smiled while sipping tea on the front porch
52717,she smiled while sipping tea on the front po,She smiled while sipping tea on the front porch
53734,she smiled while sipping tea on the front por,She smiled while sipping tea on the front porch
54768,she smiled while sipping tea on the front porc,She smiled while sipping tea on the front porch
55484,she smiled while sipping tea on the front porch,She smiled while sipping tea on the front porch
56418,she smiled while sipping tea on the front porch,She smiled while sipping tea on the front porch
56418,w,We found a hidden path behind the old barn
1164,we,We found a hidden path behind the old barn
2883,we f,We found a hidden path behind the old barn
3866,we fo,We found a hidden path behind the old barn
4584,we fou,We found a hidden path behind the old barn
5683,we foun,We found a hidden path behind the old barn
7035,we found,We found a hidden path behind the old barn
9266,we found a,We found a hidden path behind the old barn
11967,we found a h,We found a hidden path behind the old barn
12767,we found a hi,We found a hidden path behind the old barn
13684,we found a hid,We found a hidden path behind the old barn
13883,we found a hidd,We found a hidden path behind the old barn
14650,we found a hidde,We found a hidden path behind the old barn
16199,we found a hidden,We found a hidden path behind the old barn
17650,we found a hidden p,We found a hidden path behind the old barn
18566,we found a hidden pa,We found a hidden path behind the old barn
19267,we found a hidden pat,We found a hidden path behind the old barn
20499,we found a hidden path,We found a hidden path behind the old barn
22350,we found a hidden path b,We found a hidden path behind the old barn
23017,we found a hidden path be,We found a hidden path behind the old barn
25166,we found a hidden path beh,We found a hidden path behind the old barn
25783,we found a hidden path behi,We found a hidden path behind the old barn
26518,we found a hidden path behin,We found a hidden path behind the old barn
27617,we found a hidden path behind,We found a hidden path behind the old barn
29300,we found a hidden path behind t,We found a hidden path behind the old barn
29967,we found a hidden path behind th,We found a hidden path behind the old barn
30884,we found a hidden path behind the,We found a hidden path behind the old barn
32683,we found a hidden path behind the p,We found a hidden path behind the old barn
34451,we found a hidden path behind the o,We found a hidden path behind the old barn
36051,we found a hidden path behind the ol,We found a hidden path behind the old barn
36768,we found a hidden path behind the old,We found a hidden path behind the old barn
40500,we found a hidden path behind the old b,We found a hidden path behind the old barn
41516,we found a hidden path behind the old ba,We found a hidden path behind the old barn
42167,we found a hidden path behind the old bar,We found a hidden path behind the old barn
42967,we found a hidden path behind the old barn,We found a hidden path behind the old barn
43817,we found a hidden path behind the old barn,We found a hidden path behind the old barn
43817,s,Sunlight streamed through cracks in the ceiling
717,su,Sunlight streamed through cracks in the ceiling
1934,sun,Sunlight streamed through cracks in the ceiling
3383,sunl,Sunlight streamed through cracks in the ceiling
4033,sunli,Sunlight streamed through cracks in the ceiling
5133,sunlig,Sunlight streamed through cracks in the ceiling
5898,sunligh,Sunlight streamed through cracks in the ceiling
6549,sunlight,Sunlight streamed through cracks in the ceiling
8766,sunlight s,Sunlight streamed through cracks in the ceiling
10083,sunlight st,Sunlight streamed through cracks in the ceiling
10716,sunlight str,Sunlight streamed through cracks in the ceiling
11267,sunlight stre,Sunlight streamed through cracks in the ceiling
11916,sunlight strea,Sunlight streamed through cracks in the ceiling
13983,sunlight stream,Sunlight streamed through cracks in the ceiling
14850,sunlight streame,Sunlight streamed through cracks in the ceiling
16050,sunlight streamed,Sunlight streamed through cracks in the ceiling
17400,sunlight streamed t,Sunlight streamed through cracks in the ceiling
18317,sunlight streamed th,Sunlight streamed through cracks in the ceiling
19183,sunlight streamed thr,Sunlight streamed through cracks in the ceiling
20100,sunlight streamed thro,Sunlight streamed through cracks in the ceiling
21033,sunlight streamed throu,Sunlight streamed through cracks in the ceiling
22501,sunlight streamed throug,Sunlight streamed through cracks in the ceiling
23316,sunlight streamed through,Sunlight streamed through cracks in the ceiling
25116,sunlight streamed through c,Sunlight streamed through cracks in the ceiling
25800,sunlight streamed through cr,Sunlight streamed through cracks in the ceiling
26917,sunlight streamed through cra,Sunlight streamed through cracks in the ceiling
28100,sunlight streamed through crac,Sunlight streamed through cracks in the ceiling
29133,sunlight streamed through crack,Sunlight streamed through cracks in the ceiling
30233,sunlight streamed through cracks,Sunlight streamed through cracks in the ceiling
31650,sunlight streamed through cracks i,Sunlight streamed through cracks in the ceiling
32334,sunlight streamed through cracks in,Sunlight streamed through cracks in the ceiling
44267,sunlight streamed through cracks in t,Sunlight streamed through cracks in the ceiling
45300,sunlight streamed through cracks in th,Sunlight streamed through cracks in the ceiling
46018,sunlight streamed through cracks in the,Sunlight streamed through cracks in the ceiling
48150,sunlight streamed through cracks in the c,Sunlight streamed through cracks in the ceiling
49168,sunlight streamed through cracks in the ce,Sunlight streamed through cracks in the ceiling
50066,sunlight streamed through cracks in the cei,Sunlight streamed through cracks in the ceiling
51017,sunlight streamed through cracks in the ceil,Sunlight streamed through cracks in the ceiling
51868,sunlight streamed through cracks in the ceili,Sunlight streamed through cracks in the ceiling
52567,sunlight streamed through cracks in the ceilin,Sunlight streamed through cracks in the ceiling
53451,sunlight streamed through cracks in the ceiling,Sunlight streamed through cracks in the ceiling
54218,sunlight streamed through cracks in the ceiling,Sunlight streamed through cracks in the ceiling
54218,d,Dogs barked at shadows moving through the yard
917,do,Dogs barked at shadows moving through the yard
1767,dog,Dogs barked at shadows moving through the yard
2584,dogs,Dogs barked at shadows moving through the yard
4083,dogs b,Dogs barked at shadows moving through the yard
4868,dogs ba,Dogs barked at shadows moving through the yard
5950,dogs bar,Dogs barked at shadows moving through the yard
6833,dogs bark,Dogs barked at shadows moving through the yard
7650,dogs barke,Dogs barked at shadows moving through the yard
8200,dogs barked,Dogs barked at shadows moving through the yard
9751,dogs barked a,Dogs barked at shadows moving through the yard
10451,dogs barked at,Dogs barked at shadows moving through the yard
12200,dogs barked at s,Dogs barked at shadows moving through the yard
12883,dogs barked at sh,Dogs barked at shadows moving through the yard
13667,dogs barked at sha,Dogs barked at shadows moving through the yard
14334,dogs barked at shad,Dogs barked at shadows moving through the yard
15168,dogs barked at shado,Dogs barked at shadows moving through the yard
16217,dogs barked at shadow,Dogs barked at shadows moving through the yard
16784,dogs barked at shadows,Dogs barked at shadows moving through the yard
18084,dogs barked at shadows m,Dogs barked at shadows moving through the yard
18768,dogs barked at shadows mo,Dogs barked at shadows moving through the yard
19600,dogs barked at shadows mov,Dogs barked at shadows moving through the yard
20334,dogs barked at shadows movi,Dogs barked at shadows moving through the yard
21001,dogs barked at shadows movin,Dogs barked at shadows moving through the yard
21884,dogs barked at shadows moving,Dogs barked at shadows moving through the yard
23450,dogs barked at shadows moving t,Dogs barked at shadows moving through the yard
24084,dogs barked at shadows moving th,Dogs barked at shadows moving through the yard
24850,dogs barked at shadows moving thr,Dogs barked at shadows moving through the yard
25867,dogs barked at shadows moving thro,Dogs barked at shadows moving through the yard
26484,dogs barked at shadows moving throu,Dogs barked at shadows moving through the yard
27235,dogs barked at shadows moving throug,Dogs barked at shadows moving through the yard
28301,dogs barked at shadows moving through,Dogs barked at shadows moving through the yard
30034,dogs barked at shadows moving through t,Dogs barked at shadows moving through the yard
30701,dogs barked at shadows moving through th,Dogs barked at shadows moving through the yard
31367,dogs barked at shadows moving through the,Dogs barked at shadows moving through the yard
33533,dogs barked at shadows moving through the y,Dogs barked at shadows moving through the yard
34284,dogs barked at shadows moving through the ya,Dogs barked at shadows moving through the yard
35101,dogs barked at shadows moving through the yar,Dogs barked at shadows moving through the yard
35717,dogs barked at shadows moving through the yard,Dogs barked at shadows moving through the yard
36568,dogs barked at shadows moving through the yard,Dogs barked at shadows moving through the yard
36568,r,Rain tapped softly against the window glass
1916,ra,Rain tapped softly against the window glass
2683,rai,Rain tapped softly against the window glass
3383,rain,Rain tapped softly against the window glass
4816,rain t,Rain tapped softly against the window glass
5566,rain ta,Rain tapped softly against the window glass
6882,rain tap,Rain tapped softly against the window glass
8033,rain tapp,Rain tapped softly against the window glass
8933,rain tappe,Rain tapped softly against the window glass
9816,rain tapped,Rain tapped softly against the window glass
11499,rain tapped s,Rain tapped softly against the window glass
12299,rain tapped so,Rain tapped softly against the window glass
13150,rain tapped sof,Rain tapped softly against the window glass
13933,rain tapped soft,Rain tapped softly against the window glass
14683,rain tapped softl,Rain tapped softly against the window glass
15782,rain tapped softly,Rain tapped softly against the window glass
17649,rain tapped softly a,Rain tapped softly against the window glass
18549,rain tapped softly ag,Rain tapped softly against the window glass
19333,rain tapped softly aga,Rain tapped softly against the window glass
20199,rain tapped softly agai,Rain tapped softly against the window glass
20782,rain tapped softly again,Rain tapped softly against the window glass
21716,rain tapped softly agains,Rain tapped softly against the window glass
22733,rain tapped softly against,Rain tapped softly against the window glass
24233,rain tapped softly against t,Rain tapped softly against the window glass
24916,rain tapped softly against th,Rain tapped softly against the window glass
25616,rain tapped softly against the,Rain tapped softly against the window glass
27183,rain tapped softly against the w,Rain tapped softly against the window glass
27850,rain tapped softly against the wi,Rain tapped softly against the window glass
28417,rain tapped softly against the win,Rain tapped softly against the window glass
29215,rain tapped softly against the wind,Rain tapped softly against the window glass
29917,rain tapped softly against the windo,Rain tapped softly against the window glass
31166,rain tapped softly against the window,Rain tapped softly against the window glass
32567,rain tapped softly against the window g,Rain tapped softly against the window glass
33417,rain tapped softly against the window gl,Rain tapped softly against the window glass
34200,rain tapped softly against the window gla,Rain tapped softly against the window glass
34766,rain tapped softly against the window glas,Rain tapped softly against the window glass
34900,rain tapped softly against the window glass,Rain tapped softly against the window glass
35650,rain tapped softly against the window glass,Rain tapped softly against the window glass
35650,b,Bright stars twinkled above the quiet valley
1300,br,Bright stars twinkled above the quiet valley
2117,bri,Bright stars twinkled above the quiet valley
2901,brig,Bright stars twinkled above the quiet valley
3450,brigh,Bright stars twinkled above the quiet valley
4466,bright,Bright stars twinkled above the quiet valley
6050,bright s,Bright stars twinkled above the quiet valley
6768,bright st,Bright stars twinkled above the quiet valley
7517,bright sta,Bright stars twinkled above the quiet valley
8268,bright star,Bright stars twinkled above the quiet valley
8934,bright stars,Bright stars twinkled above the quiet valley
10467,bright stars t,Bright stars twinkled above the quiet valley
11168,bright stars tw,Bright stars twinkled above the quiet valley
11967,bright stars twi,Bright stars twinkled above the quiet valley
12635,bright stars twin,Bright stars twinkled above the quiet valley
13517,bright stars twink,Bright stars twinkled above the quiet valley
14001,bright stars twinkl,Bright stars twinkled above the quiet valley
14751,bright stars twinkle,Bright stars twinkled above the quiet valley
15401,bright stars twinkled,Bright stars twinkled above the quiet valley
16718,bright stars twinkled a,Bright stars twinkled above the quiet valley
17566,bright stars twinkled ab,Bright stars twinkled above the quiet valley
18367,bright stars twinkled abo,Bright stars twinkled above the quiet valley
18984,bright stars twinkled abov,Bright stars twinkled above the quiet valley
19734,bright stars twinkled above,Bright stars twinkled above the quiet valley
21217,bright stars twinkled above t,Bright stars twinkled above the quiet valley
22117,bright stars twinkled above th,Bright stars twinkled above the quiet valley
22734,bright stars twinkled above the,Bright stars twinkled above the quiet valley
24351,bright stars twinkled above the q,Bright stars twinkled above the quiet valley
25017,bright stars twinkled above the qu,Bright stars twinkled above the quiet valley
25567,bright stars twinkled above the qui,Bright stars twinkled above the quiet valley
26834,bright stars twinkled above the quie,Bright stars twinkled above the quiet valley
27551,bright stars twinkled above the quier,Bright stars twinkled above the quiet valley
29351,bright stars twinkled above the quiet,Bright stars twinkled above the quiet valley
30733,bright stars twinkled above the quiet v,Bright stars twinkled above the quiet valley
31584,bright stars twinkled above the quiet va,Bright stars twinkled above the quiet valley
32533,bright stars twinkled above the quiet val,Bright stars twinkled above the quiet valley
32667,bright stars twinkled above the quiet vall,Bright stars twinkled above the quiet valley
34150,bright stars twinkled above the quiet valle,Bright stars twinkled above the quiet valley
34900,bright stars twinkled above the quiet valley,Bright stars twinkled above the quiet valley
35733,bright stars twinkled above the quiet valley,Bright stars twinkled above the quiet valley
35733,h,He tied the package with ribbon and string
650,he,He tied the package with ribbon and string
2851,he t,He tied the package with ribbon and string
3617,he ti,He tied the package with ribbon and string
4333,he tie,He tied the package with ribbon and string
4951,he tied,He tied the package with ribbon and string
6467,he tied t,He tied the package with ribbon and string
7500,he tied th,He tied the package with ribbon and string
8333,he tied the,He tied the package with ribbon and string
10483,he tied the p,He tied the package with ribbon and string
11517,he tied the pa,He tied the package with ribbon and string
12234,he tied the pac,He tied the package with ribbon and string
13033,he tied the pack,He tied the package with ribbon and string
13733,he tied the packa,He tied the package with ribbon and string
14517,he tied the packag,He tied the package with ribbon and string
15800,he tied the package,He tied the package with ribbon and string
17350,he tied the package w,He tied the package with ribbon and string
18217,he tied the package wi,He tied the package with ribbon and string
18868,he tied the package wit,He tied the package with ribbon and string
19733,he tied the package with,He tied the package with ribbon and string
21650,he tied the package with r,He tied the package with ribbon and string
22300,he tied the package with ri,He tied the package with ribbon and string
23534,he tied the package with rib,He tied the package with ribbon and string
23667,he tied the package with ribb,He tied the package with ribbon and string
24567,he tied the package with ribbo,He tied the package with ribbon and string
25350,he tied the package with ribbon,He tied the package with ribbon and string
27017,he tied the package with ribbon a,He tied the package with ribbon and string
27834,he tied the package with ribbon an,He tied the package with ribbon and string
28584,he tied the package with ribbon and,He tied the package with ribbon and string
30233,he tied the package with ribbon and s,He tied the package with ribbon and string
30833,he tied the package with ribbon and st,He tied the package with ribbon and string
31383,he tied the package with ribbon and str,He tied the package with ribbon and string
32334,he tied the package with ribbon and stri,He tied the package with ribbon and string
33333,he tied the package with ribbon and strin,He tied the package with ribbon and string
34101,he tied the package with ribbon and string,He tied the package with ribbon and string
34868,he tied the package with ribbon and string,He tied the package with ribbon and string
34868,a,A sudden breeze blew papers off the desk
1384,as,A sudden breeze blew papers off the desk
2316,asu,A sudden breeze blew papers off the desk
5766,a s,A sudden breeze blew papers off the desk
6583,a su,A sudden breeze blew papers off the desk
7400,a sud,A sudden breeze blew papers off the desk
7717,a sudd,A sudden breeze blew papers off the desk
8784,a sudde,A sudden breeze blew papers off the desk
9550,a sudden,A sudden breeze blew papers off the desk
12401,a sudden b,A sudden breeze blew papers off the desk
13100,a sudden br,A sudden breeze blew papers off the desk
13650,a sudden bre,A sudden breeze blew papers off the desk
13750,a sudden bree,A sudden breeze blew papers off the desk
14717,a sudden breez,A sudden breeze blew papers off the desk
15433,a sudden breeze,A sudden breeze blew papers off the desk
16867,a sudden breeze b,A sudden breeze blew papers off the desk
17466,a sudden breeze bl,A sudden breeze blew papers off the desk
18666,a sudden breeze ble,A sudden breeze blew papers off the desk
19767,a sudden breeze blew,A sudden breeze blew papers off the desk
22100,a sudden breeze blew p,A sudden breeze blew papers off the desk
22900,a sudden breeze blew pa,A sudden breeze blew papers off the desk
24166,a sudden breeze blew pap,A sudden breeze blew papers off the desk
25117,a sudden breeze blew pape,A sudden breeze blew papers off the desk
25700,a sudden breeze blew paper,A sudden breeze blew papers off the desk
26717,a sudden breeze blew papers,A sudden breeze blew papers off the desk
28300,a sudden breeze blew papers o,A sudden breeze blew papers off the desk
29799,a sudden breeze blew papers of,A sudden breeze blew papers off the desk
29949,a sudden breeze blew papers off,A sudden breeze blew papers off the desk
31383,a sudden breeze blew papers off t,A sudden breeze blew papers off the desk
32050,a sudden breeze blew papers off th,A sudden breeze blew papers off the desk
32868,a sudden breeze blew papers off the,A sudden breeze blew papers off the desk
34266,a sudden breeze blew papers off the d,A sudden breeze blew papers off the desk
34816,a sudden breeze blew papers off the de,A sudden breeze blew papers off the desk
35483,a sudden breeze blew papers off the des,A sudden breeze blew papers off the desk
37283,a sudden breeze blew papers off the desk,A sudden breeze blew papers off the desk
38000,a sudden breeze blew papers off the desk,A sudden breeze blew papers off the desk
38000,t,The curious child opened every single drawer
917,th,The curious child opened every single drawer
1718,the,The curious child opened every single drawer
3584,the c,The curious child opened every single drawer
4969,the cu,The curious child opened every single drawer
5618,the cur,The curious child opened every single drawer
6268,the curi,The curious child opened every single drawer
6886,the curio,The curious child opened every single drawer
7835,the curiou,The curious child opened every single drawer
8917,the curious,The curious child opened every single drawer
10602,the curious c,The curious child opened every single drawer
11534,the curious ch,The curious child opened every single drawer
12101,the curious chi,The curious child opened every single drawer
13167,the curious chil,The curious child opened every single drawer
14234,the curious child,The curious child opened every single drawer
16034,the curious child p,The curious child opened every single drawer
17735,the curious child o,The curious child opened every single drawer
19669,the curious child o,The curious child opened every single drawer
20535,the curious child op,The curious child opened every single drawer
21402,the curious child ope,The curious child opened every single drawer
22734,the curious child open,The curious child opened every single drawer
23718,the curious child opene,The curious child opened every single drawer
25284,the curious child opened,The curious child opened every single drawer
26702,the curious child opened e,The curious child opened every single drawer
28119,the curious child opened ev,The curious child opened every single drawer
30185,the curious child opened eve,The curious child opened every single drawer
30751,the curious child opened ever,The curious child opened every single drawer
31786,the curious child opened every,The curious child opened every single drawer
34219,the curious child opened every s,The curious child opened every single drawer
34902,the curious child opened every si,The curious child opened every single drawer
35802,the curious child opened every sin,The curious child opened every single drawer
36418,the curious child opened every sing,The curious child opened every single drawer
37018,the curious child opened every singl,The curious child opened every single drawer
37851,the curious child opened every single,The curious child opened every single drawer
39719,the curious child opened every single d,The curious child opened every single drawer
40235,the curious child opened every single dr,The curious child opened every single drawer
40968,the curious child opened every single dra,The curious child opened every single drawer
41502,the curious child opened every single draw,The curious child opened every single drawer
42184,the curious child opened every single drawe,The curious child opened every single drawer
42835,the curious child opened every single drawer,The curious child opened every single drawer
44218,the curious child opened every single drawer,The curious child opened every single drawer
44218,f,Fresh apples fell from the heavy tree limbs
684,fr,Fresh apples fell from the heavy tree limbs
1200,fre,Fresh apples fell from the heavy tree limbs
1751,fres,Fresh apples fell from the heavy tree limbs
2601,fresh,Fresh apples fell from the heavy tree limbs
4534,fresh a,Fresh apples fell from the heavy tree limbs
5517,fresh ap,Fresh apples fell from the heavy tree limbs
5851,fresh app,Fresh apples fell from the heavy tree limbs
6484,fresh appl,Fresh apples fell from the heavy tree limbs
7384,fresh apple,Fresh apples fell from the heavy tree limbs
8084,fresh apples,Fresh apples fell from the heavy tree limbs
9351,fresh apples f,Fresh apples fell from the heavy tree limbs
10884,fresh apples fe,Fresh apples fell from the heavy tree limbs
11801,fresh apples fel,Fresh apples fell from the heavy tree limbs
11951,fresh apples fell,Fresh apples fell from the heavy tree limbs
13567,fresh apples fell f,Fresh apples fell from the heavy tree limbs
14217,fresh apples fell fr,Fresh apples fell from the heavy tree limbs
15451,fresh apples fell fro,Fresh apples fell from the heavy tree limbs
16067,fresh apples fell from,Fresh apples fell from the heavy tree limbs
17651,fresh apples fell from t,Fresh apples fell from the heavy tree limbs
18283,fresh apples fell from th,Fresh apples fell from the heavy tree limbs
19119,fresh apples fell from the,Fresh apples fell from the heavy tree limbs
21134,fresh apples fell from the h,Fresh apples fell from the heavy tree limbs
21783,fresh apples fell from the he,Fresh apples fell from the heavy tree limbs
22468,fresh apples fell from the hea,Fresh apples fell from the heavy tree limbs
23734,fresh apples fell from the heav,Fresh apples fell from the heavy tree limbs
24284,fresh apples fell from the heavy,Fresh apples fell from the heavy tree limbs
25902,fresh apples fell from the heavy t,Fresh apples fell from the heavy tree limbs
26501,fresh apples fell from the heavy tr,Fresh apples fell from the heavy tree limbs
27215,fresh apples fell from the heavy tre,Fresh apples fell from the heavy tree limbs
27317,fresh apples fell from the heavy tree,Fresh apples fell from the heavy tree limbs
28934,fresh apples fell from the heavy tree l,Fresh apples fell from the heavy tree limbs
29768,fresh apples fell from the heavy tree li,Fresh apples fell from the heavy tree limbs
30484,fresh apples fell from the heavy tree lim,Fresh apples fell from the heavy tree limbs
31067,fresh apples fell from the heavy tree limb,Fresh apples fell from the heavy tree limbs
31767,fresh apples fell from the heavy tree limbs,Fresh apples fell from the heavy tree limbs
32734,fresh apples fell from the heavy tree limbs,Fresh apples fell from the heavy tree limbs
32734,t,The artist painted scenes from her memory
1467,th,The artist painted scenes from her memory
2550,the,The artist painted scenes from her memory
4351,the a,The artist painted scenes from her memory
5284,the ar,The artist painted scenes from her memory
5833,the art,The artist painted scenes from her memory
6550,the arti,The artist painted scenes from her memory
7533,the artis,The artist painted scenes from her memory
10100,the artist,The artist painted scenes from her memory
13334,the artist p,The artist painted scenes from her memory
14367,the artist pa,The artist painted scenes from her memory
15283,the artist pai,The artist painted scenes from her memory
16700,the artist pain,The artist painted scenes from her memory
17450,the artist paint,The artist painted scenes from her memory
18684,the artist painte,The artist painted scenes from her memory
19867,the artist painted,The artist painted scenes from her memory
22884,the artist painted s,The artist painted scenes from her memory
23634,the artist painted sc,The artist painted scenes from her memory
24334,the artist painted sce,The artist painted scenes from her memory
25633,the artist painted scen,The artist painted scenes from her memory
26334,the artist painted scenr,The artist painted scenes from her memory
29083,the artist painted scene,The artist painted scenes from her memory
30967,the artist painted scenes,The artist painted scenes from her memory
32767,the artist painted scenes f,The artist painted scenes from her memory
33316,the artist painted scenes fr,The artist painted scenes from her memory
33983,the artist painted scenes fro,The artist painted scenes from her memory
35284,the artist painted scenes from,The artist painted scenes from her memory
37616,the artist painted scenes from h,The artist painted scenes from her memory
38567,the artist painted scenes from he,The artist painted scenes from her memory
39267,the artist painted scenes from her,The artist painted scenes from her memory
42350,the artist painted scenes from her m,The artist painted scenes from her memory
43367,the artist painted scenes from her me,The artist painted scenes from her memory
44034,the artist painted scenes from her mem,The artist painted scenes from her memory
45017,the artist painted scenes from her memo,The artist painted scenes from her memory
45950,the artist painted scenes from her memor,The artist painted scenes from her memory
46650,the artist painted scenes from her memory,The artist painted scenes from her memory
47734,the artist painted scenes from her memory,The artist painted scenes from her memory
47734,t,They danced all night under the glowing moon
1132,th,They danced all night under the glowing moon
1799,the,They danced all night under the glowing moon
2465,they,They danced all night under the glowing moon
4666,they d,They danced all night under the glowing moon
5249,they da,They danced all night under the glowing moon
6749,they dan,They danced all night under the glowing moon
7715,they danc,They danced all night under the glowing moon
8416,they dance,They danced all night under the glowing moon
9099,they danced,They danced all night under the glowing moon
11115,they danced a,They danced all night under the glowing moon
12199,they danced al,They danced all night under the glowing moon
12383,they danced all,They danced all night under the glowing moon
14049,they danced all n,They danced all night under the glowing moon
14666,they danced all ni,They danced all night under the glowing moon
15283,they danced all nig,They danced all night under the glowing moon
15932,they danced all nigh,They danced all night under the glowing moon
16916,they danced all night,They danced all night under the glowing moon
21283,they danced all night u,They danced all night under the glowing moon
22099,they danced all night un,They danced all night under the glowing moon
22849,they danced all night und,They danced all night under the glowing moon
23797,they danced all night unde,They danced all night under the glowing moon
24283,they danced all night under,They danced all night under the glowing moon
25482,they danced all night under t,They danced all night under the glowing moon
26798,they danced all night under th,They danced all night under the glowing moon
27483,they danced all night under the,They danced all night under the glowing moon
28499,they danced all night under theb,They danced all night under the glowing moon
31417,they danced all night under the g,They danced all night under the glowing moon
32099,they danced all night under the gl,They danced all night under the glowing moon
32666,they danced all night under the gli,They danced all night under the glowing moon
33900,they danced all night under the glo,They danced all night under the glowing moon
34899,they danced all night under the glow,They danced all night under the glowing moon
35749,they danced all night under the glowi,They danced all night under the glowing moon
37049,they danced all night under the glowin,They danced all night under the glowing moon
37799,they danced all night under the glowing,They danced all night under the glowing moon
39117,they danced all night under the glowing m,They danced all night under the glowing moon
40083,they danced all night under the glowing mo,They danced all night under the glowing moon
40233,they danced all night under the glowing moo,They danced all night under the glowing moon
41315,they danced all night under the glowing moon,They danced all night under the glowing moon
42049,they danced all night under the glowing moon,They danced all night under the glowing moon
